# Name,   Type, SubType,  Offset,   Size,    Flags
# Tabella delle partizioni dal 10/10/2026 (flash da 16 MB). Cambiarla richiede
# un flash via USB: gli aggiornamenti OTA non la riscrivono. Il firmware
# funziona anche con la tabella vecchia (2 x 2 MB, senza nvs_lic): vedi
# license.c (lic_storage_init) e docs/partizioni.md.
nvs,      data, nvs,      0x9000,   0x10000,
otadata,  data, ota,      0x19000,  0x2000,
phy_init, data, phy,      0x1B000,  0x1000,
nvs_lic,  data, nvs,      0x1C000,  0x4000,
ota_0,    app,  ota_0,    0x20000,  0x400000,
ota_1,    app,  ota_1,    0x420000, 0x400000,
# 0x820000 - 0x1000000 (circa 7,9 MB) libero per usi futuri (es. log interni).
